{
    "lastLevelIndex": 2,
    "level": [
        {
            "time": 15.663496017456055,
            "idLevel": 1
        },
        {
            "time": 2.699559450149536,
            "idLevel": 2
        }
    ]
}